Occupations,Row Error,United States,Alabama,Arkansas,California,Connecticut,Delaware,Florida,Georgia,Illinois,Indiana,Iowa,Kansas,Kentucky,Louisiana,Maine,Maryland,Massachusetts,Michigan,Minnesota,Mississippi,Missouri,Nebraska,Nevada,New Hampshire,New Jersey,New York,North Carolina,Ohio,Oregon,Pennsylvania,Rhode Island,South Carolina,Tennessee,Texas,Vermont,Virginia,West Virginia,Wisconsin,Territories
"Population, 10 years and over",6,28228945,706802,341737,430444,425896,92586,131119,835929,1809606,1197936,837959,258051,930130,526392,493847,575439,1160666,873763,305568,581206,1205568,88265,36655,260426,680687,3378959,769629,1953374,64685,2597809,173751,503763,890872,571075,258751,890056,308424,751704,329410
All occupations (persons engaged in),0,12505923,365258,135949,238648,193421,40313,60703,444678,742015,459369,344276,123852,414593,256452,208225,258543,579844,404164,132657,318850,505556,43837,26911,120168,296036,1491018,351299,840889,30651,1020544,88574,263301,367987,237126,108763,412665,115229,292808,170751
Agriculture,0,5922471,291628,109310,47863,43653,15973,42492,336145,376441,266777,210263,73228,261080,141467,82011,80449,72810,187211,75157,259199,263918,23115,2070,46573,63128,374323,269238,397024,13248,260051,11780,206654,267020,166753,57983,244550,73960,159687,48239
Agricultural laborers,0,2885996,208811,53602,16231,18934,8131,31033,264605,133649,83949,69821,21714,127911,97783,24738,48079,31019,64885,20277,181523,86807,5899,555,15666,29240,134562,168978,191063,3126,68897,5475,163528,136925,81123,23692,162604,30087,50753,20321
Apiarists,0,136,,,4,1,,,,20,2,38,2,3,,,1,1,2,2,,11,,,1,,15,,11,,7,,,3,2,1,3,1,5,
Dairymen and dairywomen,0,3550,5,3,1010,5,11,17,31,99,83,51,32,104,161,3,97,14,5,16,11,385,11,24,6,11,384,4,422,28,196,,16,75,9,,48,12,25,136
Farm and plantation overseers,0,3609,111,17,29,21,49,46,427,7,2,7,1,580,844,3,153,16,9,1,208,53,,,,53,118,109,127,1,66,8,179,9,29,4,290,16,1,15
Farmers and planters,-1,2977711,81854,55541,24061,23704,7642,11165,70468,240256,181895,139478,50820,131598,41672,56941,31213,39766,121558,54623,77102,174961,17037,1243,30749,32077,232649,98290,202425,9758,187646,5954,42546,129550,79015,34144,80739,43702,108240,25630
Florists,0,1085,1,1,22,81,4,1,2,26,9,2,3,13,3,2,34,122,1,,,14,1,,4,132,383,1,53,1,111,8,3,10,2,3,8,2,6,16
Gardeners and nurserymen,120,31435,455,125,2355,805,126,59,451,2162,784,810,336,777,861,303,811,1835,636,199,332,1271,79,32,119,1520,5607,177,2565,73,2463,332,108,425,214,122,776,125,580,505
Stock-drovers,9,3181,4,8,68,37,10,4,1,70,24,86,,70,11,21,49,32,115,34,4,187,16,8,22,87,323,6,98,37,611,2,,4,972,17,30,8,71,25
Stock-herders,2,5590,22,8,1930,,,44,19,43,20,20,192,6,28,,8,1,,3,6,47,67,70,4,7,6,2,24,27,19,1,18,12,2049,,23,7,2,853
Stock-raisers,0,6588,4,5,1860,3,,59,10,11,3,34,40,1,104,,2,4,,1,13,18,5,139,2,,3,3,22,197,18,,2,4,3338,,5,,1,677
Turpentine farmers,0,361,12,,,,,4,3,,,,,,,,,,,,,,,,,,,336,,,,,5,1,,,,,,
Turpentine Iaborers,0,2117,349,,,,,60,126,,,,,,,,,,,,,,,,,,,1332,,,,,249,1,,,,,,
Vinegrowers,0,1112,,,293,2,,,2,98,6,,2,17,,,2,,,1,,164,,,,1,273,,214,,17,,,1,,,18,,,1
Professional and Personal Services,606,2684793,42125,14877,76112,38704,11389,10897,64083,151931,80018,58484,20736,84024,65347,36092,79226,131291,104728,28330,40522,106903,10331,7431,18528,83380,405339,51290,168308,6090,283000,19679,34383,54390,40882,21032,98521,16099,58070,61615
Actors,0,2053,7,13,267,3,1,,3,142,63,15,14,21,11,,31,133,44,7,6,134,14,21,5,13,646,1,134,11,185,9,,48,3,1,6,,7,34
Apprentices to learned professions,9,386,7,,10,,,,4,13,14,,,14,5,1,5,20,6,,1,12,,,1,71,74,2,19,2,61,12,4,,,1,,,8,10
Apprentices to barbers,-6,859,5,,7,6,1,,16,26,4,,2,9,16,5,69,30,9,1,5,45,,,6,18,159,10,61,,256,6,11,6,24,,28,,16,8
Apprentices to dentists,0,166,1,,6,6,1,1,,13,2,,,3,9,6,,28,2,,1,4,,,5,6,25,,13,1,25,2,1,1,,1,,1,1,1
Architects,27,2017,11,8,95,52,1,2,15,193,40,30,20,30,55,13,37,194,36,22,12,132,13,6,7,122,470,8,113,2,101,20,8,20,8,7,8,5,41,33
Artists (not specified),0,2948,22,14,90,110,1,1,17,137,87,72,13,48,23,49,44,217,56,14,20,118,9,7,22,113,856,14,193,7,346,16,20,31,32,20,24,7,43,35
Auctioneers,6,2266,30,15,80,29,15,11,39,174,79,63,20,77,52,21,47,136,60,27,14,85,7,8,46,86,347,21,164,5,266,16,5,38,38,9,65,8,20,37
Authors and lecturers,0,458,1,,13,13,,2,2,37,14,5,3,6,1,9,4,78,5,1,2,7,2,,6,11,130,1,21,3,37,8,2,5,1,7,3,,4,14
Barbers and hairdressers,0,23935,164,98,1154,322,62,41,279,1650,530,454,246,455,550,312,747,1628,705,145,178,1254,64,117,135,679,5405,147,1712,51,2408,185,131,375,183,107,364,105,357,436
Bath-house keepers,0,94,,1,10,,,,,2,2,,,1,6,,,7,1,,,5,,2,,2,38,,6,,3,4,,,,1,,,,3
Billiard and bowling saloon keepers and employees,0,1220,5,,30,25,2,8,7,98,34,163,22,22,10,29,7,114,59,30,,37,9,4,13,21,227,2,89,,45,8,,9,8,20,4,1,13,45
Bill-posters,0,424,,,20,6,3,,,31,12,6,2,10,10,3,7,45,12,,1,14,,,2,18,101,,22,1,69,10,1,1,,2,4,2,5,4
Boarding and lodging house keepers,0,12785,39,26,763,317,26,26,74,1016,430,341,207,228,131,260,231,879,527,271,62,863,125,71,232,326,2768,24,624,19,767,171,30,102,102,46,90,35,316,220
Boot-blacks,0,587,1,2,78,5,6,,2,34,8,2,1,10,22,2,9,4,14,,2,39,4,22,2,15,133,2,42,6,45,1,,5,2,2,11,1,1,52
Card-writers,0,33,,1,2,,1,,,,,,,,,,1,1,,,,,,,,5,15,,,,2,,,,,,,,,5
Chemists (practicing),0,608,3,,20,23,,,2,20,3,,,8,3,2,19,67,20,,,42,1,2,,42,211,,29,,54,12,2,,,1,3,,8,11
Chimney-sweeps,0,73,,,2,,,,,2,,,,,,,9,2,,,,1,,,,1,29,,4,,11,1,7,,,,,,2,2
Chiropodists,0,65,1,,4,,,,,9,2,1,,,2,1,3,7,1,,,4,,1,,3,15,,4,1,4,1,,,,,,,,1
Claim agents,0,693,,,1,,,2,,10,4,1,3,5,2,3,14,14,148,,,12,,1,11,7,159,,32,2,97,,1,12,,4,8,2,6,132
Clergymen,6,43874,821,397,569,908,150,197,953,3192,1787,1596,538,1080,404,890,938,2040,1430,620,749,1739,183,35,664,1230,5678,861,3572,162,3841,250,553,1256,831,591,1073,466,1189,435
Clerks and copyists,-24,6138,8,4,239,23,4,3,10,291,20,3,17,56,56,29,20,746,50,3,5,138,10,1,12,105,3556,3,178,1,152,16,20,2,114,3,28,3,200,33
Clerks in Government offices,120,8672,39,3,153,26,10,1,39,320,170,96,46,66,204,53,170,260,127,34,8,240,30,7,64,27,1270,10,204,12,36,38,5,10,107,9,128,6,107,4417
Clerks in hotels and restaurants,9,5243,39,10,151,171,9,12,96,438,227,,74,151,48,93,70,400,343,86,30,247,31,11,249,87,843,25,470,7,196,63,19,63,35,46,95,22,177,100
Dentists,9,7839,114,39,189,158,24,20,167,520,342,225,72,190,99,130,179,485,259,43,113,271,14,9,77,216,1346,95,601,29,924,55,59,133,102,88,198,27,142,76
Designers and draughtsmen,0,934,5,,30,35,7,1,1,48,7,4,4,9,2,10,17,138,14,12,,29,,2,10,61,154,,41,3,162,45,3,2,9,2,5,,6,56
Domestic servants,6,975734,22403,6648,15472,15104,4742,4003,37027,44903,22542,15725,4481,41368,26833,11321,34742,45770,49005,8556,15830,29338,1482,888,7481,26242,155150,26695,53599,830,84343,6201,16214,24563,13692,9588,54008,6676,19141,13122
Employees of companies (not specified),0,848,,,30,13,2,,5,72,,29,3,10,15,1,35,46,15,,1,15,,,14,91,192,1,32,15,15,28,3,21,3,,52,2,60,27
Employees of Government,12,14407,251,62,296,154,52,54,220,1011,237,335,192,451,171,197,556,1283,337,78,29,682,21,21,24,298,3155,60,871,34,500,303,163,168,143,42,389,38,233,1284
Employees of hotels and restaurants (not clerks),6,23438,100,12,535,448,90,6,543,3067,1267,142,200,440,344,175,384,1045,276,88,87,1799,61,125,54,625,4356,95,1899,26,1908,330,259,617,47,151,253,97,337,1144
"Engineers, civil",9,4703,62,31,158,142,7,15,65,320,166,175,110,107,63,79,81,317,110,81,34,259,57,15,36,223,656,27,263,24,530,40,20,31,40,20,84,81,62,103
Hostlers,9,17586,180,117,840,394,84,26,194,640,356,311,123,645,328,426,466,1757,415,176,102,607,66,75,263,559,3371,119,1261,78,1820,314,81,219,172,179,239,53,284,237
Hotel-keepers,205,26394,101,97,1116,259,156,46,173,1577,671,872,321,688,66,363,494,660,1141,422,97,744,125,137,368,974,4173,127,1043,157,6305,103,50,196,188,341,330,223,883,402
Hunters and trappers,0,940,7,7,111,3,,8,3,32,22,16,23,8,93,15,2,1,40,64,14,26,10,4,3,6,35,1,16,22,53,,,1,14,2,9,7,52,210
"Indian scouts, guides, and interpreters",0,171,,,33,,,,,,,,2,1,,5,,1,,1,,2,3,,,,59,,1,,3,,,,21,,,,,39
Intelligence-office keepers,0,191,1,,22,11,,,2,14,2,,1,2,4,3,4,17,4,1,1,7,,1,,2,59,,6,,11,3,,,,,8,,2,3
Inventors,1,352,,,,6,19,,,24,9,3,1,2,,3,3,73,3,7,,2,,,1,11,112,,25,1,25,3,,,1,6,,1,5,5
Janitors,0,1769,,,53,39,3,,1,155,17,23,1,27,10,4,30,169,57,11,4,46,,,4,56,666,1,147,2,178,16,7,3,,7,4,2,20,6
Journalists,9,5286,61,39,209,73,10,12,76,431,200,202,72,96,112,43,96,279,133,77,47,262,28,15,45,232,931,50,377,15,423,22,30,84,67,41,98,36,115,138
Laborers (not specified),6,1031666,9840,2944,37586,13017,4769,4065,14976,63130,34954,24823,7871,24981,25525,13833,28571,50564,36034,13037,15969,47462,4940,3939,4680,39820,139309,16830,68518,2962,140835,8136,10654,16780,14371,6426,27730,5815,24670,21294
Lamp-lighters,0,276,5,1,13,1,,,9,5,4,,,,20,,9,46,,,1,15,,,,7,83,,15,,10,18,8,3,,1,,1,,1
Land-surveyors,0,2671,26,16,163,39,13,12,15,119,33,78,43,61,34,69,31,113,107,97,20,120,34,,11,160,333,15,120,21,341,9,21,33,107,17,35,40,92,73
Launderers and laundresses,0,60906,1930,916,4043,374,21,655,1988,1559,852,240,421,2078,3265,177,2864,1656,482,107,1969,3371,113,449,67,1547,9678,836,2796,199,2276,474,2430,1555,1155,66,3623,225,310,4139
Lawyers,0,40736,758,413,1115,391,84,149,851,2683,1685,1456,682,1552,663,558,772,1270,1167,449,632,3452,204,166,349,888,5913,574,2563,194,3253,163,387,1126,1027,72,1075,400,785,815
Librarians,0,213,2,,10,16,,,1,6,1,3,1,1,,4,5,63,4,1,,6,,1,2,3,36,,6,1,19,11,,,,1,2,,3,4
Livery-stable keepers,6,8504,72,41,457,231,17,14,81,630,334,340,174,246,53,203,100,651,342,137,68,448,55,62,123,185,1168,25,604,60,584,81,33,151,74,114,71,27,259,183
Marines (United States),0,477,,,69,,,66,,,,,,,,1,90,8,,,,,,,47,,12,,65,,2,,,,,,73,,1,43
Messengers,0,8717,12,38,118,18,42,40,22,171,21,159,19,107,204,36,418,856,152,13,5,189,20,4,13,259,2857,5,354,25,2008,148,2,81,2,12,85,2,71,129
Metallurgists,0,164,,,64,1,,,,,,,,,,,,1,,,,,,66,,1,2,,1,2,3,,,,,,,,1,22
Midwives,0,1186,61,8,44,,,8,119,62,21,19,9,39,125,,31,6,5,5,41,62,2,4,,24,146,61,38,,45,,23,18,30,,78,11,24,17
Musicians (professional),0,6519,21,18,357,84,6,2,33,351,93,60,48,110,157,41,164,506,130,31,13,324,53,45,32,126,2242,15,283,28,431,99,15,63,56,16,58,10,123,275
Naturalists,0,287,,3,9,3,2,,3,15,1,4,1,2,,2,5,29,9,9,2,8,1,1,2,31,50,2,9,,36,3,1,5,3,1,2,2,12,19
Nurses,90,10976,267,144,354,279,53,74,380,238,106,111,29,108,204,218,329,1288,105,22,190,239,7,9,82,392,2020,284,420,17,1182,148,533,151,61,24,498,19,67,234
Officers of the Army and Navy (United States),0,2286,9,3,102,74,24,21,14,42,27,,22,27,57,36,91,201,26,17,4,32,62,7,,75,291,10,53,9,49,19,11,7,222,4,120,1,5,512
Officials of companies (not specified),0,3410,17,2,233,95,7,24,30,77,17,92,6,81,119,61,180,143,114,164,69,254,31,39,30,40,798,19,44,6,241,,13,14,3,28,202,6,11,100
Officials of Government,6,44743,637,403,1282,562,162,312,890,3301,1916,759,495,1371,1655,526,1045,2671,1258,286,700,1215,201,215,337,1406,5236,945,2807,151,5319,271,475,1181,841,256,1322,483,964,881
Painters,0,775,2,,5,62,2,,3,128,16,10,3,23,10,13,31,94,31,16,,13,,,11,39,112,1,85,,5,22,1,8,,3,3,3,17,3
Physicians and surgeons,0,62383,1418,1026,1257,680,170,248,1537,4861,3613,1865,906,2414,939,818,1257,2047,2034,402,1511,3560,247,110,565,1208,6810,1143,4638,206,4843,260,789,2220,1906,569,2126,612,915,653
Restaurant-keepers,0,35185,52,85,2347,735,73,28,82,3578,1314,1107,437,574,372,280,832,1240,1697,548,98,1879,269,456,170,1332,6415,20,3132,213,2486,209,22,381,194,54,210,134,1261,869
Sailors (United States Navy),0,780,,1,303,4,,27,,7,13,,,,,8,281,54,,1,,,,,,7,34,,1,,,1,,,,,,,,38
Scavengers,0,301,5,,21,4,6,,,23,1,,1,7,14,2,15,,1,,1,8,,,,11,105,,14,,35,,4,,,,4,,2,17
Sculptors,0,250,2,,4,3,1,,1,15,1,4,,9,5,,2,23,5,3,2,9,,,,7,85,,26,,15,4,1,,5,,1,,9,8
Sextons,0,1151,6,6,16,25,4,2,19,46,32,12,4,52,29,17,50,46,26,,3,46,1,,,48,253,8,107,,148,30,6,19,2,6,29,9,16,28
Short-hand writers,0,154,,1,8,2,2,,8,22,,1,1,,1,3,3,3,1,11,,4,,,,17,47,,3,,5,1,,1,,,,,1,8
Showmen and showwomen,0,1177,4,1,80,14,2,,3,78,47,17,4,17,18,21,12,56,53,2,2,50,3,40,4,7,386,4,111,,58,3,,11,9,2,4,,35,19
Soldiers (United States Army),9,22081,363,117,940,62,63,398,719,130,72,,1219,405,411,173,28,346,330,211,214,177,1380,145,20,13,2111,245,66,49,263,248,44,162,3108,4,464,76,14,7282
Teachers (not specified),12,126822,2004,994,1953,2711,361,250,2119,8869,5018,6012,1406,2961,1470,4183,2013,7220,4708,1754,1496,4117,310,50,1987,2698,18557,1798,12084,396,11200,861,1074,2250,1621,1895,2521,866,4164,859
Teachers of dancing,0,149,1,,10,7,,1,4,7,1,1,,2,3,5,5,17,1,1,,2,,,,,30,3,10,,12,1,1,3,9,,4,1,3,4
Teachers of drawing and painting,0,108,1,,,9,1,,,6,4,3,,3,,2,,2,1,2,,4,,,,2,18,,8,,25,3,,14,,,,,,
Teachers of music,0,9491,88,17,249,267,15,,102,826,338,287,72,173,97,223,172,847,349,88,28,298,14,5,123,313,1993,39,811,14,775,101,36,77,79,109,105,39,269,53
Translators,0,21,,,,,,,,,,,,,,,,2,,,,1,,,,4,8,,,,1,,,,,,,,,5
Veterinary surgeons,0,1166,6,1,13,6,3,,2,136,44,65,13,10,5,8,25,42,66,31,2,53,7,1,3,44,206,,90,,174,3,1,7,3,6,10,2,68,10
Whitewashers,0,2873,27,34,53,32,10,2,37,130,60,37,9,167,72,6,224,71,26,7,15,224,2,3,2,56,425,6,338,2,108,22,29,53,7,1,441,8,29,98
Trade and Transportation,90,1191238,14435,5491,33165,24720,3437,3023,17410,80422,36517,28210,11762,25202,23831,28115,35542,83078,29588,10582,9148,54885,4628,3621,8514,46206,234581,10179,78547,2619,121253,10108,8470,17510,13612,7132,20181,6897,21534,16993
Agents,9,10499,70,9,171,234,19,4,95,391,531,309,80,67,205,302,124,604,204,134,42,770,41,31,91,354,3410,13,671,9,693,323,20,71,11,99,52,32,95,109
Apprentices in stores,0,678,6,,14,7,12,3,7,24,25,17,,17,24,3,47,42,7,6,3,34,,,14,29,58,,57,3,162,19,6,7,,1,15,,,9
Bankers and brokers of money and stocks,9,10631,40,24,455,175,13,16,83,611,244,409,76,210,191,28,108,489,268,183,30,458,28,32,60,599,3844,22,636,10,478,101,57,138,72,27,94,51,164,98
Barkeepers,0,14362,127,102,955,133,38,37,224,575,226,214,101,553,697,72,435,106,308,115,138,1442,91,176,53,327,3044,106,571,67,1919,67,24,246,232,25,281,30,237,268
Boatmen and watermen,0,21332,85,22,284,130,97,72,23,391,158,175,83,145,201,119,1738,132,102,47,5,1370,7,16,26,2225,9878,226,844,30,1152,,58,55,210,41,644,149,332,60
Book-keepers and accountants in stores,-7,31177,325,68,890,1228,17,60,482,2074,645,460,159,492,457,328,619,2779,882,214,217,1555,56,117,106,1500,8043,83,2411,85,2240,668,185,399,289,83,140,51,571,206
Canalmen,60,7338,,,4,2,26,,,62,59,,,46,,,46,5,23,,,,,,,202,1756,1,490,,4224,,,,,,313,10,5,4
Clerks in stores,6,222504,2969,1288,5040,3641,687,455,3028,13980,6205,3862,1917,4623,6656,3160,6949,17121,5561,1806,2204,9681,724,395,1745,8833,51096,2175,13283,409,20467,2159,2084,3150,2503,1168,3680,1228,3653,2913
Clerks and book-keepers in banks,2,7103,23,4,126,140,21,1,35,361,132,103,29,147,72,21,149,435,142,43,11,211,10,6,38,612,2741,16,445,4,583,74,27,33,31,15,63,14,107,76
Clerks and book-keepers in express companies,0,767,6,1,54,20,1,,21,63,33,6,2,41,6,2,13,51,11,9,,38,,3,,46,100,,78,3,71,4,9,10,11,5,21,2,5,21
Clerks and book-keepers in insurance offices,9,1568,6,,55,124,,1,4,128,12,,1,20,45,9,52,187,9,,,80,,,,139,436,,95,,49,27,8,5,5,5,38,1,9,9
Clerks and book-keepers in railroad offices,15,7374,76,7,88,109,22,7,171,718,284,,110,151,117,26,196,377,198,38,41,390,73,13,44,391,972,50,671,1,1370,82,81,95,30,22,100,8,178,52
Clerks and book-keepers in telegraph offices,0,191,2,,6,7,,,1,8,3,,,38,2,,5,19,3,,,3,1,,,9,27,,7,,25,3,5,1,1,2,1,,4,8
Commercial travelers,0,7262,6,3,102,420,6,1,10,1656,111,345,86,68,17,30,76,919,265,90,28,196,5,6,46,187,701,15,1024,10,236,28,18,77,29,24,11,20,367,23
"Draymen, hackmen, teamsters, &c",60,120756,1114,461,4582,2003,204,204,1279,7879,4031,3243,1300,2821,2021,2497,3529,8105,2939,1032,500,6390,559,1161,742,3461,22120,668,8964,498,12546,809,661,1532,2802,846,1575,565,2085,2968
Employees of trading and transportation co's,-7,4152,1,45,28,614,46,,1,15,2,24,5,135,19,6,193,581,15,202,1,17,1,10,88,1163,132,1,542,31,10,70,10,30,50,,14,3,1,53
Employees of banks (not clerks),0,424,6,1,13,2,10,,1,40,8,,12,51,4,1,10,44,8,,,17,,,1,38,93,,7,,29,2,,4,5,2,4,5,,6
Employees of express companies (not clerks),90,8554,36,2,294,215,13,4,89,953,202,161,67,102,15,76,62,1289,141,68,25,295,61,21,94,441,1813,27,689,11,438,192,15,185,21,52,14,17,193,71
Employees of insurance companies (not clerks),0,11611,83,35,310,315,15,15,145,1218,408,412,125,228,66,204,169,816,549,158,66,717,58,21,104,388,2117,80,881,11,805,2,49,143,47,119,123,38,513,58
Employees of railroad companies (not clerks),0,154027,3967,425,1742,5020,234,278,4920,14946,7377,7155,3287,3086,559,1797,2560,5643,3257,2500,1358,7710,1283,240,1819,5584,18454,2175,11318,73,18081,449,1112,3015,592,1570,2944,2504,2625,2368
Employees of street railroad companies (not clerks),0,5103,22,,166,71,,,14,195,63,,,70,205,11,125,541,34,,,238,,,,145,1405,7,193,,1348,76,20,29,9,,11,,7,98
Employees of telegraph companies (not clerks),91,8316,54,27,178,137,26,44,84,746,505,37,65,126,77,135,212,323,204,99,59,296,73,58,56,312,1320,41,916,19,1210,42,32,99,72,49,32,49,183,228
Hucksters,9,17362,144,32,421,242,57,16,296,707,482,136,55,276,891,349,1402,1135,347,10,33,542,9,5,157,722,2903,169,1402,37,2393,185,304,172,125,70,525,64,119,419
Laborers,0,14882,332,11,914,98,15,63,73,1760,217,58,10,136,146,191,524,1255,176,33,10,1594,19,36,61,377,3963,62,1249,46,399,303,77,42,61,10,113,5,303,140
Milkmen and milkwomen,0,3728,2,,46,59,13,,,277,17,20,6,83,78,30,110,350,50,9,24,70,,23,26,278,1585,,71,6,330,26,3,4,14,2,20,,72,24
Mule-packers,0,473,,,89,,,,,,,,,,,1,,,,,,,,150,,,3,,,41,,,,,,,,,,189
Newspaper criers and carriers,0,2002,13,3,87,8,4,,17,100,16,21,7,53,81,2,64,85,11,6,1,187,1,6,5,34,544,3,155,4,380,2,17,9,5,,37,3,7,24
Officials of trading and transportation co's,0,976,3,3,28,61,9,1,8,43,6,34,8,18,50,1,30,123,45,15,3,33,1,5,17,94,162,4,46,14,40,11,10,13,4,,6,1,9,17
Officials of banks,9,2738,13,1,36,181,13,1,22,84,68,31,7,27,45,85,56,432,74,16,5,97,5,3,48,217,380,13,154,2,318,77,20,14,,59,46,24,27,28
Officials of express companies,-7,75,,,3,2,,,8,2,,,,,,,11,2,1,1,1,4,1,,,5,19,,1,,11,9,,1,,,,,,
Officials of insurance companies,0,762,11,,12,67,2,,6,34,4,,,4,23,1,32,85,4,3,17,32,,,1,91,142,,59,,72,22,2,2,3,7,9,7,4,4
Officials of railroad companies,0,1902,25,,42,35,8,21,14,105,38,46,23,30,54,37,103,100,98,44,16,38,12,1,12,84,381,18,109,8,215,11,18,33,1,,90,,13,19
Officials of street railroad companies,0,88,,,6,2,,,4,2,2,,,9,2,1,2,16,7,,,3,,,,7,5,,8,,5,,2,2,1,,,,1,1
Officials of telegraph companies,0,72,1,1,3,1,,1,2,8,,,,4,,,1,6,1,1,,,3,,,4,6,,8,,10,,,1,1,2,1,,2,4
Packers,0,1421,1,,61,71,,11,2,21,26,13,,19,13,,105,144,37,1,,30,,,,33,398,,95,3,223,18,3,1,14,,16,7,19,36
Pawnbrokers,0,384,,,43,2,,,1,39,5,1,3,1,2,1,5,27,17,1,,29,3,1,,1,105,,27,,41,,,,4,,3,,1,21
Peddlers,0,16975,36,7,623,494,10,3,83,1101,470,288,72,257,222,378,183,1459,634,68,42,510,32,84,128,431,5510,40,1465,25,1330,202,5,125,35,223,19,33,303,45
Pilots,0,3649,80,36,48,57,29,72,77,117,159,18,6,211,248,34,65,140,9,99,12,364,2,,5,143,599,115,249,24,287,5,,52,48,2,47,63,108,19
Porters in stores and warehouses,0,16631,192,187,671,186,10,28,335,504,154,122,83,587,581,49,701,1007,220,38,104,1479,33,37,30,246,5532,61,761,19,1133,64,184,234,92,30,471,37,88,341
Sailors,0,56663,155,17,2531,2402,583,611,93,1829,26,20,16,10,683,11670,3947,10454,2209,32,116,95,4,5,170,2588,8785,429,1438,75,1477,594,404,12,195,38,1183,5,1142,620
Salesmen and saleswomen,9,14203,31,12,374,35,67,1,35,330,65,67,13,219,44,152,611,1676,96,30,8,1083,10,1,20,530,2090,2,381,2,5772,86,3,77,6,22,129,12,87,15
Shippers and freighters,0,3567,62,,184,59,,26,55,60,61,58,9,28,211,62,65,215,67,35,51,105,26,11,6,123,636,,55,31,335,39,76,32,74,12,226,9,44,419
Steamboat men and women,0,7975,102,143,434,92,24,69,91,581,337,184,10,427,833,50,107,107,35,56,132,1001,3,,,176,456,97,1020,58,165,81,27,492,118,8,76,55,258,70
Stewards and stewardesses,0,1245,15,24,37,1,8,14,15,38,61,34,4,56,74,5,33,15,40,1,7,127,4,8,4,25,194,3,153,32,116,15,2,19,,3,40,3,2,13
Toll-gate and bridge keepers,0,2253,7,3,114,19,13,3,18,91,208,3,9,228,16,16,61,36,71,4,,15,,33,7,149,280,4,298,19,287,4,1,86,15,6,57,,34,38
Traders and dealers (not specified),0,100406,1979,1273,3517,1623,358,316,1444,6172,2336,1940,828,2335,2517,1544,3392,6590,2761,1034,2049,4757,474,396,784,3268,15974,1574,3995,356,10101,637,1277,2106,2960,1083,2355,718,2205,1378
Traders and dealers in agricultural implements,6,1939,,,1,11,,,1,286,56,277,39,11,1,4,13,20,100,71,,54,11,,,13,63,1,30,,732,3,,4,15,5,19,3,82,7
Traders and dealers in books and stationery,0,3392,12,4,141,73,2,14,31,288,101,81,39,66,56,61,84,322,154,45,11,123,15,7,37,167,581,18,213,10,245,27,21,38,49,19,46,4,65,122
Traders and dealers in boots and shoes,0,7019,23,2,121,210,18,1,59,464,272,176,40,153,129,151,174,922,245,40,9,241,11,7,90,262,1395,11,568,12,726,104,26,55,12,22,91,12,105,60
Traders and dealers in cabinetware,0,4087,20,9,145,80,4,1,27,392,135,156,59,96,73,91,96,384,165,59,15,228,23,14,39,122,770,6,231,11,305,,15,59,19,42,32,14,95,55
Traders and dealers in cigars and tobacco,90,8234,16,15,310,147,28,2,52,450,104,110,51,656,186,9,430,258,193,23,25,624,37,17,2,215,1529,210,536,17,1025,18,24,94,42,7,430,41,88,123
Traders and dealers in clothing,9,7595,18,7,304,96,22,11,63,512,213,170,73,137,97,110,316,588,256,37,1,144,22,33,63,243,2173,6,617,8,678,55,26,41,20,31,94,11,171,119
Traders and dealers in cloths and textile fabrics,0,1163,,,37,2,,,5,56,12,3,,18,7,92,36,65,27,1,1,26,1,,,41,319,,16,,362,,,23,2,3,3,,3,2
Traders and dealers in coal,0,4143,4,5,62,115,24,,8,274,95,20,8,126,18,15,90,253,11,1,7,94,6,,,281,691,,350,,1434,39,4,29,,13,30,13,18,5
Traders and dealers in coal and wood,0,2493,18,10,204,43,,2,16,133,21,83,4,17,174,32,72,296,62,24,17,91,3,8,23,91,573,1,86,15,48,37,26,31,13,5,39,,32,143
Traders and dealers in cotton,0,1701,215,3,,1,,1,256,2,1,,,2,313,,35,98,,2,15,4,1,,,37,274,2,16,,21,66,122,176,33,,3,,2,
"Traders and dealers in crockery, china, and stoneware",0,1765,4,1,60,39,12,2,13,83,49,37,11,30,44,28,46,98,45,13,5,78,4,1,9,101,526,2,130,5,152,19,3,24,10,3,30,,31,17
Traders and dealers in drugs and medicines,0,17369,169,95,462,244,51,39,188,1626,936,749,216,523,254,257,399,815,648,200,240,1089,82,39,115,458,2619,95,1170,71,1754,71,86,317,183,112,270,83,419,225
Traders and dealers in dry-goods,0,39790,588,513,577,359,104,132,1126,2776,2337,1379,506,1392,802,650,590,1690,1056,418,627,1704,95,21,318,905,5124,660,3661,96,4236,233,331,1380,849,220,921,368,789,257
Traders and dealers in gold and silver ware and jewelry,0,6402,64,22,259,142,7,1,3,571,156,305,96,107,118,196,161,477,415,92,50,290,,,93,158,701,38,277,24,814,90,29,86,46,125,92,25,214,58
Traders and dealers in groceries,0,74410,806,391,1840,1341,172,275,1696,4676,2946,1960,784,2120,2111,1697,1930,4073,2140,551,602,2700,250,154,541,2637,12949,589,6529,129,6825,878,575,1563,1092,368,1666,342,1374,1138
Traders and dealers in hats and caps,0,3375,4,12,166,62,8,1,7,154,53,27,14,100,61,12,180,233,72,10,11,65,2,4,30,69,569,38,219,7,941,34,12,37,4,4,62,16,43,32
Traders and dealers in ice,0,1464,7,2,13,48,5,2,14,120,47,22,13,32,56,28,23,118,38,13,10,95,4,4,19,67,374,4,80,2,87,10,3,25,3,4,29,1,27,15
"Traders and dealers in iron, tin, and copper wares",90,9003,39,9,166,197,37,11,87,430,519,554,69,178,65,102,223,605,55,71,20,398,36,,93,357,2143,13,982,15,666,25,35,107,43,97,67,19,331,49
"Traders and dealers in leather, hides, and skins",0,2261,6,4,10,27,3,1,2,157,59,50,8,31,32,8,64,459,37,76,,74,3,1,5,110,540,,122,2,272,7,4,22,3,1,10,1,37,13
Traders and dealers in lime,0,310,1,,5,,5,,3,14,26,12,,6,2,1,16,9,8,4,2,7,,,,28,36,,21,1,79,4,3,6,,,,,10,1
Traders and dealers in liquors and wines,0,11718,47,41,600,118,29,22,117,506,235,71,58,259,129,36,281,466,120,44,15,295,32,34,60,656,4638,112,467,21,1365,175,66,119,80,,61,23,137,183
Traders and dealers in live stock,0,7723,14,32,308,54,1,,42,1051,362,339,296,283,52,59,137,229,135,31,23,611,52,45,14,134,856,16,961,39,702,7,7,107,117,74,85,14,130,304
Traders and dealers in lumber,0,9440,19,11,244,131,49,11,83,1046,434,411,189,111,112,345,162,487,369,122,64,371,39,17,159,310,1396,23,733,4,1022,74,21,62,70,100,144,33,358,104
Traders and dealers in machinery (not specified),0,254,,,2,14,,,,24,3,9,,4,5,,,20,8,4,,13,1,,,16,30,,23,,44,4,,1,,2,8,,17,2
Traders and dealers in music and musical instruments,0,848,6,,9,30,2,1,4,69,23,24,5,9,13,18,14,76,58,4,,17,3,2,5,26,246,,77,2,51,5,2,8,3,8,5,2,15,6
Traders and dealers in newspapers and periodicals,0,1455,9,4,33,23,3,,3,77,17,40,10,11,26,,29,97,42,5,2,29,5,16,6,81,600,1,81,2,86,16,2,13,1,1,32,8,19,25
"Traders and dealers in oils, paints, and turpentine",0,986,,,,26,3,,,34,6,,,,,8,,191,18,,,,,,,78,386,,105,,97,22,,,,,,,12,
Traders and dealers in optical instruments,0,301,,,10,19,,,,1,8,,,2,4,2,5,23,6,,,,,,,16,163,,10,,18,6,,2,,,1,,2,3
Traders and dealers in produce,0,11809,16,4,428,91,55,,22,1521,399,770,72,132,87,184,289,690,298,187,8,352,18,20,79,620,2684,15,936,24,935,16,24,114,22,88,40,11,464,94
Traders and dealers in provisions,60,7528,18,,115,278,21,21,14,97,138,61,3,84,154,201,292,2119,45,19,3,76,5,1,30,444,2044,6,274,5,257,402,36,16,6,20,45,5,23,90
Traders and dealers in real estate,0,8933,17,17,566,81,5,11,31,1062,211,131,302,112,69,21,157,482,320,56,2,552,149,56,37,544,2014,6,337,18,1028,20,24,50,70,11,107,,141,116
Traders and dealers in sewing-machines,0,3152,7,,19,35,16,,12,295,284,138,56,133,30,20,39,131,170,66,,234,3,,10,87,407,1,495,,285,19,,26,3,9,20,23,73,6
Undertakers,9,1996,10,1,51,36,20,,7,72,53,11,5,47,28,22,49,145,35,1,4,45,2,5,20,139,624,5,154,2,267,26,3,18,2,6,36,2,14,20
"Weighers, gaugers, and measurers",9,926,21,,14,3,1,,2,55,4,6,1,49,50,8,83,59,7,2,,49,,4,,17,296,,41,1,116,8,5,4,,,1,,10,
Wreckers,0,93,,,2,,,2,,3,,,,,1,2,,13,,,,,,,,5,43,,1,,2,,1,,,,17,,1,
"Manufactures, Mechanical, and Mining Industries",100,2707421,17070,6271,81508,86844,9514,4291,27040,133221,76057,47319,18126,44197,25807,62007,63326,292665,82637,18588,9981,79850,5763,13789,46553,103322,476775,20592,197010,8694,356240,47007,13794,29061,15879,22016,49413,17673,53517,43904
Agricultural implement makers,0,3811,31,,,229,4,,24,125,104,,1,5,1,172,16,279,60,19,,19,,,57,44,1317,6,942,,203,54,,,32,16,17,,33,1
Artificial flower makors,0,1169,,,1,,,,,10,,,,1,2,3,3,9,,,,6,,,,14,1105,,4,,3,2,,,,,1,,,5
Apprentices (not specified),9,15302,54,18,356,337,145,21,58,775,326,103,26,180,293,77,986,1482,342,47,44,584,11,7,19,1255,2420,63,62,23,3876,188,153,97,56,70,303,60,197,179
Bag-makers,0,866,,,92,,,,1,12,,,,39,,4,10,72,,,,19,,,13,165,281,,139,,15,,,,,,2,,1,1
Bakers,0,27680,130,60,870,309,111,56,284,1440,750,396,197,369,846,178,979,1563,509,157,99,1104,80,95,99,1395,7273,86,2473,52,3446,215,194,165,252,62,350,70,407,559
Basket-makers,0,3297,16,1,66,156,40,1,32,119,107,44,2,66,21,24,84,194,114,10,3,110,2,,58,232,705,24,323,,325,6,14,33,6,54,70,25,183,27
Bell-founders,0,169,,,,121,,,,,,,,2,,,1,2,,1,1,3,,,,,14,,9,,7,7,,,1,,,,,
Belting-factory operatives,0,296,,,,25,,,,3,3,,,11,,8,1,96,3,,,,,,22,16,33,,19,,22,34,,,,,,,,
Blacksmiths,90,141774,1895,931,3310,2698,537,313,2262,9412,6121,4004,2223,4138,1483,2697,3231,5774,4730,1255,1233,5661,415,564,1665,3823,19291,2165,11928,544,17509,931,1140,3623,1790,1415,4077,1423,3614,1859
"Bleachers, dyers, and scourers",0,4901,14,,52,271,15,,15,94,74,39,14,29,15,67,81,1284,29,6,1,77,5,,43,320,851,,155,4,650,580,5,8,,4,17,8,36,38
"Blind, door, and sash makers",0,5155,6,2,112,186,47,,6,140,44,55,,75,9,249,24,354,269,68,,8,1,1,181,399,1375,,597,2,258,50,3,19,10,144,24,30,401,6
Boat-makers,0,2101,2,,12,47,4,1,5,21,22,12,2,14,,78,65,169,23,8,,8,,,14,68,857,8,71,,469,37,7,,1,11,53,,5,7
Bone and ivory workers,0,208,,,,11,,,,3,2,,,,,7,3,27,,,,,,,,13,68,,,,72,,,,,,1,,,1
Bookbinders and finishers,90,9104,9,8,72,203,7,1,31,348,113,79,30,106,56,52,134,1102,8,18,4,281,8,7,32,299,3618,17,551,13,1351,44,17,43,19,19,34,5,88,187
Boot and shoe makers,0,171127,870,234,2501,2540,419,69,1375,6279,4299,2376,625,2268,1594,3757,4793,48255,3605,846,516,3739,214,148,5412,5349,24309,1189,10617,158,19631,587,538,1688,628,1107,2986,1066,3151,1389
Box-factory operatives,0,6080,,,97,307,7,,1,164,36,,1,29,7,88,145,998,66,,,143,,,171,330,2435,,313,,492,166,,,,34,24,2,22,2
Brass founders and workers,0,4694,,,27,1278,2,,1,172,19,4,1,41,14,14,132,648,20,1,,80,2,,14,160,1129,,187,,611,46,,7,2,7,,2,13,60
Brewers and maltsters,0,11246,5,5,568,91,13,2,12,848,588,334,96,164,66,25,196,227,438,218,9,723,54,97,39,573,2169,5,1342,55,1128,16,1,40,84,8,23,47,656,281
Brick and tile makers,0,26070,208,59,415,542,171,16,338,1720,1236,335,265,521,129,393,1128,2085,983,229,87,1290,109,17,364,1310,5336,103,2347,34,1826,200,15,374,263,133,212,324,486,467
Bridge builders and contractors,0,1029,22,,1,26,7,,11,94,37,66,15,25,2,9,8,42,31,34,16,116,6,,18,22,103,4,158,,92,3,1,12,2,17,18,5,6,
Britannia and japanned ware makers,0,1092,,,34,298,,,,19,,3,,2,,2,3,354,,,,,,,4,157,130,,19,,64,3,,,,,,,,
Broom and brush makers,0,5816,6,7,62,49,11,1,,331,196,82,28,76,52,64,133,746,134,16,1,227,3,,15,162,1548,2,876,2,783,32,1,12,10,29,13,9,78,19
Bronze-workers,0,79,,,1,2,1,,,1,,,,,,,,13,,,,1,4,,,4,49,,,,2,,,,,,,,,1
Builders and contractors (not specified),0,7511,39,37,273,248,13,13,10,494,204,163,49,106,132,68,95,392,141,106,39,279,72,19,14,561,2138,9,467,13,884,18,29,61,29,16,50,22,91,117
Butchers,9,44354,211,98,1686,820,221,63,280,3209,1302,1006,468,636,1110,417,1566,1704,1381,352,149,1981,129,211,335,1295,11357,115,2717,147,5244,313,189,239,584,269,489,184,1012,856
Button-factory operatives,0,1272,,,,544,,,,1,,,,,,,,332,,,,,,,,185,37,,,,169,3,,,,,,,,1
Cabinetmakers,40,42835,142,89,487,613,92,22,364,2103,2210,1023,255,1023,298,366,1068,5100,1341,318,115,1255,40,21,804,910,8385,383,4960,77,5353,177,158,591,250,446,545,236,971,204
"Candle, soap, and tallow makers",0,1942,11,,55,89,4,,2,94,27,24,12,36,35,36,47,248,28,13,3,112,5,,17,107,406,,167,3,222,30,,12,19,8,12,9,32,17
Card and fancy-paper makers,0,339,,,,1,,,,,,,,,,,,32,,,,,,,117,,151,,2,,34,1,,1,,,,,,
Car-makers,60,2228,12,,7,66,96,,43,73,,,36,10,8,9,,174,6,4,,11,,,17,52,252,,168,,1078,10,,2,3,3,,,28,
Carpenters and joiners,0,344596,2902,1549,7413,7130,1291,1049,4723,23040,14179,12418,5064,5287,4578,6474,7904,23506,14693,4164,2072,11737,1848,500,4406,12569,53046,3154,27225,916,39255,3682,2454,5177,3760,3670,6912,2526,7815,4508
Carpet-bag and satchel makers,0,202,,,,,,,,2,,,,2,,,22,1,,,,,,,,128,30,,3,,13,1,,,,,,,,
Carpet-makers,0,15669,56,4,19,1486,69,29,122,385,331,,27,127,9,154,175,2378,216,56,12,137,5,1,127,532,2688,61,800,19,4000,296,71,191,135,21,488,114,226,102
Carriage and wagon makers,50,42464,290,138,519,1640,361,7,543,3534,2338,283,338,1465,89,931,590,2190,1733,410,220,1836,69,22,321,1324,6138,569,5226,137,4487,141,166,915,383,410,740,288,1423,200
Charcoal and lime burners,66,3834,84,,106,173,1,1,25,257,73,77,28,48,,255,92,119,85,21,112,50,3,18,5,92,1116,8,212,4,505,,5,38,19,5,18,14,73,26
Cheese-makers,0,3534,,,9,7,,,,126,2,21,1,9,,,2,52,64,11,,1,3,,2,20,2351,5,624,2,30,,,2,,110,,,77,3
Cigar-makers,0,28286,53,9,1900,610,68,284,85,1438,534,364,139,471,703,87,1002,1000,537,94,2,1348,31,1,59,973,7750,4,2703,4,4708,264,68,24,38,43,65,140,592,91
Clerks and book-keepers (in manufacturing establishments),6,5861,22,4,119,166,54,3,25,294,164,44,15,157,116,50,121,628,112,9,3,177,2,14,54,289,791,11,539,8,1330,95,70,45,6,19,179,20,27,73
Clock-makers,-4,1779,4,,4,1153,,,4,14,21,1,2,74,3,7,14,84,2,,,13,,,10,29,172,4,4,46,80,2,,13,,3,11,5,1,3
Comb-makers,0,693,,,2,55,,,,1,,,,,,,,431,,,,,,,,7,174,,3,,14,6,,,,,,,,
Confectioners,0,8219,67,21,128,137,32,9,59,384,223,133,46,315,137,126,555,405,108,51,69,418,23,17,48,375,1985,40,507,9,993,111,26,142,56,22,210,40,78,114
Coopers,20,41789,120,32,451,211,146,51,136,3550,3135,841,123,1021,1141,1092,1483,1393,2118,368,16,1945,25,6,208,576,5669,865,6283,61,3855,99,294,358,92,277,1213,940,1350,225
Copper-workers,0,2122,21,,47,94,10,1,16,91,44,16,5,34,67,9,51,267,54,6,5,83,6,5,36,136,435,14,130,3,274,34,6,27,12,1,20,9,25,28
Cotton-mill operatives,0,111606,744,62,15,9057,472,1,2052,63,447,9,2,208,419,8774,929,39195,5,41,183,198,,,12759,2215,7917,938,282,8,8054,13562,871,585,107,667,723,14,17,11
"Curriers, tanners, and finishers of leather",0,28702,89,30,229,212,110,20,147,535,528,45,28,399,45,643,444,4757,450,21,35,284,15,6,357,998,11368,106,1533,51,3500,129,43,271,47,233,262,202,461,69
Daguerreotypists and photographers,0,7558,48,45,189,156,14,19,83,605,305,253,92,159,63,165,166,548,337,102,46,257,30,13,141,149,1298,44,593,35,759,65,22,84,110,90,96,35,220,122
Die-sinkers and stamp-makers,0,479,,,5,54,1,1,3,12,5,3,1,1,8,11,9,84,10,3,2,18,2,,2,18,64,1,53,2,49,29,1,2,2,9,4,,9,1
Distillers and rectifiers,0,2874,10,2,79,25,3,4,5,493,81,33,14,292,30,5,50,51,10,7,7,86,3,2,,43,444,49,488,2,287,2,37,63,6,1,48,17,83,12
Employees of manufacturing establishments,-70,20242,84,30,731,713,99,17,78,1842,240,415,61,255,146,130,341,2326,189,28,142,284,58,235,235,509,3736,52,1380,6,2971,578,120,108,32,25,348,195,1348,225
Engineers and firemen,6,34233,193,126,979,630,127,79,93,1977,1048,707,196,730,602,331,757,1726,1717,315,193,1519,64,389,101,1570,6013,144,2552,84,6040,363,140,573,241,214,279,370,626,419
Engravers,0,4226,3,1,73,92,3,1,4,199,35,10,12,30,29,10,42,484,43,2,1,146,,1,26,399,1630,,260,,427,133,5,7,1,9,10,,17,81
Fertilizer-establishment operatives,0,316,,,,3,9,,1,15,3,,,,,2,9,88,36,,,,,,,47,80,,6,,8,,7,,,,2,,,
"File makers, cutters, and grinders",0,1413,,,8,59,2,,,43,63,,,7,2,28,14,121,18,1,,8,,,34,97,421,,184,,118,158,,,,12,2,2,10,1
Fireworks makers,0,101,,,1,,,,,2,,,,,,,,3,,,,,,,,16,40,,26,,4,,,,1,,,,,8
Fishermen and oystermen,26,27106,174,20,951,920,85,161,158,305,105,95,16,95,678,3800,1569,5311,1075,57,55,140,2,8,78,1197,2557,1210,300,90,438,697,338,134,57,27,3580,7,340,250
Flax-dressers,0,1046,,,,,,,,,5,,,,,,,397,2,1,,,,,,100,159,,327,,17,,,,,38,,,,
Fur-workers,0,1191,,,,3,,,,10,,11,2,4,,1,3,193,4,6,,19,,,,62,764,,19,,85,1,1,,,,,,1,2
"Galloon, gimp, and tassel makers",0,569,,,,,,,,,,,,,,,,,89,,,1,,,,24,325,,11,,119,,,,,,,,,
Gas-works employees,0,2086,14,1,37,48,,1,24,91,32,3,5,44,10,21,21,188,22,1,,31,3,1,25,65,624,10,203,6,415,36,5,11,8,,42,3,29,6
Gilders,0,1534,,,24,34,,,1,71,4,,,21,8,5,77,170,32,,,17,,,,67,652,,98,,216,17,4,2,,,6,,8,
Glass-works operatives,-7,9518,,,38,84,,,2,199,225,7,3,155,,24,109,980,13,,3,106,,5,17,1619,1024,,423,,4128,20,,1,,,5,324,6,5
Glove-makers,-1,2329,,,22,,,,,61,2,5,3,4,,,24,10,19,4,,14,,,44,15,1994,1,1,15,27,,,1,,8,24,12,13,7
Glue-makers,0,241,,,13,1,,,,11,1,,,3,,1,6,6,1,,,1,,,3,24,31,,24,,107,1,,,,,,3,3,1
Gold and silver workers,90,18508,66,29,252,403,31,32,194,907,306,38,58,184,103,92,211,2652,163,48,69,420,62,44,33,2553,4731,62,1003,35,1437,1374,7,151,111,47,103,60,99,248
Gun and lock smiths,0,8184,72,45,158,791,8,19,76,366,223,122,44,178,144,29,175,499,164,63,57,326,11,13,78,285,2061,90,553,23,707,38,35,147,147,30,118,60,122,107
Hair cleaners and dressers,0,1026,1,,82,10,,,,50,9,7,,8,3,5,75,114,17,4,,38,4,,7,14,374,1,76,1,74,23,5,3,1,3,2,,15,
Harness and saddle makers,12,32817,183,146,719,542,73,27,240,2682,1645,1334,445,1034,258,543,550,1203,1022,330,171,1883,119,44,324,1272,5547,241,3121,127,3061,156,104,655,673,377,554,274,827,299
Hat and cap makers,0,12625,,,34,2481,,,,42,6,,,1,4,20,17,2002,6,,,14,,,2,3749,3651,,41,,510,21,14,,,3,,,7,
Hoop-skirt makers,0,962,1,,,70,4,,,,7,,,,,,,273,14,2,,,,,,21,515,,45,,,,,1,,,1,,8,
Hose-makers (leather and other),-62,248,,,6,2,1,,,,,,,2,,,2,22,,,2,,,,169,1,9,2,3,2,6,,8,,5,,,,68,
House builders and contractors,0,399,4,,2,21,1,14,20,26,4,,,1,,,2,106,5,8,4,14,12,5,23,24,46,,18,,4,3,6,11,,,7,,8,
Ice-cutters,0,142,1,,,1,,,1,,,,,,,47,5,47,,,,,,,,6,15,,14,,,,1,2,1,,,,,1
Ink-makers,0,78,,,1,1,,,,4,,,,,,,2,10,,,,2,,,,13,25,,7,,13,,,,,,,,,
Iron & steel works & shops operatives (not specified),66,22141,331,,24,2478,63,1,466,128,487,11,6,280,19,200,251,3769,84,14,1,805,4,,149,589,2462,,1482,5,6963,290,33,166,6,55,299,49,65,40
Iron-foundry operatives,0,34245,139,14,454,1928,167,5,211,1670,943,367,126,1037,253,442,787,3366,952,98,68,1738,37,95,515,1809,6997,116,2952,41,4266,576,43,260,54,177,559,171,704,108
Iron-furnace operatives,0,7452,32,,33,111,1,,8,14,101,,,231,,1,85,436,113,,,207,1,317,,146,791,1,1377,,2881,78,,301,2,6,125,2,44,7
Iron and steel rolling-mill operatives,0,17249,18,,54,313,85,,81,229,343,1,,432,,180,586,816,165,4,2,46,,,9,1054,773,1,3049,,6956,77,,147,1,13,164,1366,284,
Knitting and hosiery mill operatives,0,3653,2,,,1021,,,,10,,,,12,,25,11,671,13,,,6,,,654,116,556,,49,,443,24,,,,40,,,,
Linen-mill operatives,0,706,,,,,,,,,,,,,,,,,,,,,,,,508,198,,,,,,,,,,,,,
Lumbermen and raftsmen,0,17752,187,15,1366,55,7,229,160,139,401,189,44,62,180,1765,18,128,2185,1454,105,143,21,112,156,39,1533,239,246,185,3056,5,47,32,12,222,97,88,2106,724
Macaroni and vermicelli makers,0,29,,,14,,,,,1,,,,2,3,,,,,,,2,,,,1,2,,1,,3,,,,,,,,,
Machinists,0,54755,81,113,290,3148,234,98,28,2956,1124,597,220,893,375,1128,1027,8273,1130,255,143,726,139,171,1090,1770,11413,183,3779,53,8249,1912,198,467,195,531,446,194,798,328
Manufacturers,0,42877,187,76,819,2171,194,44,167,1987,1598,790,209,434,225,883,691,4500,1294,371,101,1259,56,33,1045,2065,8859,137,3149,90,5727,826,122,312,135,490,367,252,1029,183
Marble and stone cutters,0,25831,33,18,445,788,38,6,138,1734,704,433,172,220,90,1050,563,2847,339,194,19,1324,63,59,454,644,6892,62,2113,41,2779,238,38,30,24,501,129,32,348,229
"Masons, brick and stone",0,89710,459,245,714,2603,244,103,867,5218,2450,2446,1466,976,1045,1430,2243,5739,3196,925,384,3671,394,133,841,4235,16594,629,7852,57,12474,1309,456,1357,767,827,1435,774,1997,1155
"Mast, spar, loar, and block makers",0,653,,,2,16,2,,,2,,,,3,1,55,15,160,6,1,,,,,2,26,222,,11,,97,15,,,,,13,,,4
Mattress-makers,0,375,9,1,11,6,,,8,15,4,,,17,38,,15,11,1,,8,43,,,14,14,42,7,35,,10,2,9,13,17,,14,2,,9
Meat and fruit preserving establishment employees,0,770,,,8,,,,,8,9,,,,,123,363,69,6,,,,,,,78,71,,26,,7,2,,,,,,,,
"Meat packers, curers, and picklers",0,1164,,,67,13,,,1,186,44,17,10,23,,19,12,90,13,5,,84,4,,2,19,215,,227,1,43,18,1,1,21,,,7,20,1
Mechanics (not specified),60,16514,374,193,98,1482,21,29,136,635,104,79,42,223,122,105,207,1306,152,24,184,616,32,21,285,607,5488,376,898,25,675,331,178,215,167,440,258,66,192,68
Mill and factory operatives (not specified),0,41619,848,153,281,4515,261,369,1282,1887,1010,650,186,861,160,1131,895,4629,1734,526,357,1341,47,536,152,2387,3188,325,508,216,5929,949,178,321,296,1135,1090,54,532,700
Millers,0,41582,868,259,457,443,188,92,1206,2865,2314,1484,357,787,110,502,1116,645,1585,599,410,2209,167,25,279,895,4407,1508,3137,130,4944,99,678,1454,493,354,2054,726,1406,330
"Milliners, dress and mantua makers",6,92084,287,44,1507,2270,425,21,501,5224,1410,2517,442,1113,680,2297,2041,7649,2905,620,573,1751,116,129,1570,3840,26540,184,6380,66,11330,1673,538,334,173,836,748,228,2133,983
Mineral-water makers,0,458,,,4,8,,,2,29,6,4,,4,5,,2,13,12,6,,58,5,,,36,148,,68,2,13,6,2,5,,,1,,12,7
Miners,9,152107,185,13,36330,460,,,192,6954,1109,1226,369,1743,27,24,2838,337,3426,35,,2631,21,8241,24,2556,1904,538,12501,3965,41997,14,25,1058,13,231,1025,1525,1056,17505
Mirror and picture frame makers,0,970,,,23,13,1,,1,36,4,,,17,2,4,25,126,8,,1,11,,,22,69,493,,58,,35,8,,3,,1,5,,2,2
Morocco-dressers,0,1728,,,,9,184,,,,,,,3,,,22,671,5,,,1,,,2,148,117,,2,,564,,,,,,,,,
Musical-instrument makers (not specified),0,377,1,,2,55,,,,8,3,,,10,,1,3,81,4,4,,11,1,,8,22,75,,36,,38,2,3,6,,,2,,1,
Needle-makers,9,164,,,,39,,,,,,,,,,2,4,46,,,,,,,25,2,30,,,,5,,,,,2,,,,
Officials of manufacturing companics,0,2144,15,8,107,267,28,,48,140,43,2,10,60,9,12,14,329,35,8,9,63,15,,16,144,117,13,95,3,296,36,24,42,9,19,33,28,27,20
Officials of mining companies,0,576,7,,66,5,2,,2,24,14,9,,9,,1,20,9,5,,,17,,,,10,24,,9,2,295,,,7,,,10,9,1,19
Oil-cloth makers,0,454,,,,,,,,1,,,,,,115,,7,,,,1,,,,138,120,,,,72,,,,,,,,,
Oil-refinery operatives,0,1747,13,,7,27,6,,,89,8,,,14,18,10,19,73,3,,,14,,,,59,385,3,443,,459,30,2,4,3,,,57,,1
Oil-well operators and laborers,0,3803,,,,,,,,,,,,,,,,,,,,,,,,,14,,139,,3567,,,,,,,83,,
Organ-makers,0,667,,,5,8,,,,22,1,,,1,,4,7,316,11,1,,3,,,7,22,198,,23,,19,1,2,,,,,,16,
Oyster-packers,0,443,,,,48,,,,,,,,,,,343,,,,,,,,,,2,,,,,,,,,,50,,,
Painters and varnishers,0,85123,372,148,1850,2317,396,69,697,6294,2549,1798,704,1714,1020,1547,1845,7887,2725,578,242,3226,273,104,1170,3549,18082,370,7533,148,8525,1205,358,792,371,850,836,305,1820,854
Paper-hangers,0,2490,1,,51,24,28,,,166,70,25,4,88,21,6,217,435,8,8,1,116,3,6,15,103,525,1,289,1,137,23,1,20,4,3,15,,10,65
Paper-mill operatives,59,12469,42,,21,984,110,,36,227,190,48,2,58,,479,182,3567,104,28,,21,1,,194,514,2637,63,1054,15,1388,7,44,32,,130,51,32,135,14
Patent-medicine makers,0,409,,,,2,,,1,6,,,,1,,2,,16,,,,,,,4,44,97,,33,,196,,4,,,,2,,1,
Pattern-makors,0,3970,10,3,69,191,30,2,37,171,99,,12,67,23,49,127,416,78,23,5,129,4,7,41,172,838,7,297,4,731,95,12,32,6,18,58,12,62,33
Perfumers,0,248,,,2,3,,,,3,,,,5,,,,15,,,,9,,,,5,139,,4,,61,1,,,,,,,1,
Piano-forte makers,0,2535,,,5,44,,,1,20,26,1,,18,6,3,182,767,2,,1,25,,,28,80,1147,,25,1,131,1,1,2,1,2,4,,6,5
Plasterers,0,23577,140,34,499,80,88,7,151,2357,1710,944,446,748,231,85,797,866,502,235,77,1622,127,18,,471,2589,45,2723,36,4061,141,30,316,72,12,428,174,268,447
Plaster-molders,0,223,,,7,1,,,,11,,,3,8,,1,,40,1,3,,6,,,,14,69,,11,,44,,,3,,,,,,1
Plate-printers,0,231,,,,8,,,,3,4,10,,22,,,33,20,,,,,,,,14,51,,2,,35,3,,,,,,,,26
Plumbers and gasfitters,0,11143,28,2,361,238,30,3,52,602,85,43,15,130,88,58,376,1127,137,54,9,361,7,6,42,436,4208,15,555,11,1420,154,33,59,12,17,72,26,63,208
Potters,6,5060,25,9,28,78,10,,27,309,137,125,12,55,4,38,129,134,47,11,12,131,3,,7,872,521,28,1143,6,865,,13,51,21,8,69,53,53,20
Powder-makers,-503,575,,,34,128,85,,4,1,,,,18,505,51,,27,6,,,,,,4,2,94,,23,,84,,,7,,5,,,,
Printers,505,39860,275,132,1045,631,87,73,436,2499,1146,942,409,573,,452,794,3178,889,298,211,1844,143,83,223,1110,10193,219,2648,132,4474,250,219,463,375,188,478,186,839,1218
Print-works operatives,0,3738,,,,9,,,,2,,,,1,,3,1,873,1,,,,,,420,518,191,,1,,166,1545,,,,,1,3,,3
"Publishers of books, maps, and newspapers",0,1577,5,5,36,51,2,5,13,179,55,40,15,8,2,12,18,134,31,20,7,45,4,2,,72,415,3,111,5,172,6,8,11,15,8,9,4,30,19
Pump-makers,0,1672,2,,7,73,20,,,97,193,14,2,2,,45,90,134,100,20,,12,1,,,42,217,9,210,3,249,2,7,,,10,43,3,51,14
Quarrymen,51,13580,25,2,134,1438,19,,51,806,202,276,102,98,,314,145,447,44,34,,378,27,127,212,676,2552,12,1166,1,2582,151,1,37,14,1075,130,108,73,70
Quartz and stamp mill laborers,0,617,,,100,,,,,,,,,,,,,,137,,,,,142,,,,,,,,,,,,,,,,238
Rag-pickers,0,436,18,,,1,,1,6,,,5,,25,24,,13,20,3,,,87,,,,13,99,,36,,9,5,31,8,,,5,,,27
Railroad builders and contractors,0,1292,50,,2,53,17,,39,140,45,121,45,5,7,18,22,44,79,51,,196,,1,12,25,131,8,63,,20,2,,1,1,32,10,1,21,30
Reed and shuttle makers,0,200,,,,9,,,,,,,,,,31,,80,,,,1,,1,14,9,11,,1,,31,11,,,,,1,,,
Roofers and slaters,6,2750,12,,56,49,12,,8,105,29,14,5,30,124,30,55,314,23,4,2,58,4,,17,190,715,,133,,620,23,5,13,4,40,13,4,10,23
Ropo and cordage makers,0,2675,5,,8,41,27,,,45,11,4,8,94,14,28,62,892,11,5,,140,,,3,121,736,,159,1,228,1,,2,1,,2,2,18,6
Rubber-factory operatives,0,3886,,,,981,,,,,,,,,,,,1515,,,,,,,,644,412,,,,,334,,,,,,,,
Sail and awning makers,0,2309,3,3,118,54,5,6,3,65,8,2,1,6,45,247,131,436,41,2,,29,,4,13,61,616,10,43,2,210,30,15,2,10,2,41,,21,24
Salt-makers,0,1721,,,32,,,,,1,,,2,5,1,,1,5,351,,,2,,,,,876,,225,,14,1,,1,16,,,188,,
Saw-mill operatives,6,47298,491,209,1150,208,60,9,1215,895,2721,1347,265,764,339,4187,254,814,10356,684,209,1163,18,18,1291,574,4042,316,3174,145,2600,51,271,646,446,992,496,267,4318,287
Sawyers,0,6939,14,34,54,132,51,30,13,336,307,,109,170,127,28,270,261,542,3,62,178,24,16,24,41,1224,149,279,120,1578,28,57,114,58,,352,,37,117
Scale and rule makers,18,416,,,,137,,,,15,1,,,7,,,4,15,,,,3,,,,30,80,,21,,48,1,,,,36,,,,
Screw-makers,0,780,,,,123,,,,4,,,,,4,,,61,,,,,,,,2,25,,39,,8,513,,,,,,,1,
Sewing-machine factory operatives,0,3881,,,8,1279,15,,,4,33,,,4,,,3,330,,10,,1,,,,10,2039,,85,,35,18,,,,,2,,5,
Sewing-machine operators,0,3042,1,,,6,,,2,,13,,,,3,7,12,710,18,,,9,,,22,78,1569,,3,,571,12,,,,,2,,,4
Shingle and lath makers,0,3788,5,34,23,13,3,8,27,83,134,21,25,51,39,425,62,10,757,46,42,28,4,,22,18,421,263,226,21,278,28,4,30,92,19,44,27,415,40
Ship-carpenters,0,15900,71,20,464,453,269,39,52,465,210,35,3,62,274,2256,666,2369,538,11,6,335,2,1,113,688,3431,119,485,65,1215,186,78,34,60,53,293,65,263,151
Ship-smiths,0,396,,,32,3,2,,,5,,,,1,,29,26,37,,,,,,,,7,179,,4,,62,,3,,,,6,,,
Ship-calkers,0,3068,10,1,157,64,8,11,4,100,37,25,2,51,106,378,234,421,58,3,4,109,2,2,2,39,818,15,63,,176,17,5,1,9,1,69,,47,19
Ship-riggers,1,1057,,,40,24,4,,,,,,,2,1,121,71,257,1,,,3,,,,19,328,1,1,,117,9,8,,,,36,,,13
"Shirt, cuff, and collar makers",0,4080,3,,11,695,2,,2,85,37,21,2,6,,53,70,268,11,1,,120,17,,54,253,1913,,67,,348,14,,2,3,5,1,,3,13
"Shot, cartridge, and fuse makers",0,186,,,4,121,,,,1,,1,,,,,,13,,,,1,,,,,38,,,,5,,1,,,,,,,1
Silk-mill operatives,0,3256,,,,,,,,,,,,,,,,431,,,,,,,,2515,309,,1,,,,,,,,,,,
Spring and axle makers,0,301,,,,,15,,,,,,,,,,,45,,,,,,,,85,114,,42,,,,,,,,,,,
Starch-makers,-9,220,,,3,,,,,13,12,,,,,,,11,,,,,,,,4,123,,55,,6,2,,,,,,,,
"Stave, shook, and heading makors",60,1858,1,1,,1,15,,,6,204,,,14,2,71,49,18,288,9,,,,,5,8,486,2,367,,91,,,31,,,6,66,57,
Steam-boiler makers,90,6958,31,2,212,76,65,6,184,301,215,89,,88,88,61,240,400,213,21,22,226,31,35,35,479,1848,,858,4,586,130,39,33,7,9,67,23,73,71
Steam-engine makers,0,4172,42,4,70,25,58,3,108,219,221,25,,83,8,2,252,97,52,,20,89,2,4,209,149,772,,486,8,973,37,4,12,,1,10,,57,70
Stercotypers,0,333,,,2,21,7,,,11,,,,1,,,8,89,,1,1,8,,,,5,120,,15,,32,1,,,1,1,,,,9
"Stove, furnace, and grate makers",0,1543,,,,7,3,,,11,26,1,,1,,1,10,73,20,1,1,11,1,,,17,534,,367,,410,20,,1,,1,2,2,17,5
Straw-workers,0,2029,,,,291,1,,,,,1,,,,54,3,1436,3,,,1,,,37,16,87,,,,18,71,1,,4,,,1,,4
Sugar makers and refiners,0,1609,,,89,4,,,,4,6,1,,,59,24,103,46,2,,,68,,,,83,884,,3,,223,7,1,,1,,1,,,
"Tailors, tailoresses, and seamstresses",-17,161820,1076,265,1708,2363,255,275,2604,7919,3506,1286,534,3953,2559,2938,5868,16787,3121,731,287,5243,217,115,888,6110,41627,1201,14180,90,19755,797,1990,1328,739,679,3130,730,2669,2314
Tinners,0,30524,141,81,998,684,126,25,245,1953,1101,736,254,605,333,487,1256,1594,870,262,145,1202,95,41,156,1153,6585,127,2909,83,3428,256,134,335,269,245,391,145,693,381
Tool and cutlery makers,6,5351,1,2,19,910,19,,2,31,67,8,,11,6,110,37,1383,26,24,1,20,2,,120,305,1255,,440,,427,56,,,1,60,,2,,
Trunk and valise makers,0,1845,1,,39,11,,,,135,34,9,1,49,5,2,54,147,37,,,134,,1,2,484,241,,206,,185,8,,23,1,,,,31,5
Tobacco-factory operatives,60,11985,1,,2,4,3,,57,187,78,,,1000,50,,84,21,67,,,696,,,,60,2029,748,543,,154,,,5,1,,6073,13,49,
Truss-makers,0,74,,,,2,,,,,,,,,,,1,15,6,,,,,,,2,24,,8,,16,,,,,,,,,
Type founders and cutters,0,649,,,,33,,,,15,,,,5,1,,5,86,1,,,28,,,,19,178,,68,,204,,,1,,,2,,3,
Umbrella and parasol makers,0,1439,,,9,36,,,1,13,6,1,1,5,4,1,25,26,9,1,,5,,,2,65,603,,23,,580,10,5,,,,1,2,1,4
Upholsterers,60,5736,25,6,267,78,13,,37,334,59,39,25,87,4,47,167,780,101,13,12,154,10,17,22,195,1959,20,337,10,541,52,22,34,9,8,38,,78,76
Wheelwrights,9,20942,421,162,398,289,227,133,712,535,332,294,144,343,203,389,1026,1152,583,226,171,599,37,120,284,1198,2208,530,660,72,3202,183,246,696,421,449,1311,229,472,276
Whip-makers,0,609,,,15,6,,,,8,3,,,2,,,8,336,2,,,22,,,6,1,60,,22,,112,,,,,1,,,,5
Window-shade makers,0,245,,,,,,,,3,7,,,1,,,2,55,2,1,,,,,,8,144,,6,,15,,,,,,,,1,
Wire makers and workers,0,1834,,,13,174,,,,28,,,,5,4,19,21,776,17,,,1,,,6,216,315,,85,,131,13,,,1,,,,9,
Woodchoppers,6,8338,597,107,1151,58,4,176,418,315,248,90,136,178,457,12,73,122,156,4,238,259,11,503,240,83,184,41,343,47,380,17,54,363,326,73,319,5,35,509
Wood turners and carvers,9,7947,19,5,152,344,18,4,15,365,250,85,14,108,20,54,193,1013,205,24,6,200,9,1,81,392,2459,7,698,8,841,75,8,35,9,17,18,7,120,59
Woolen-mill operatives,95,58836,41,5,188,4499,112,,185,581,1083,431,49,423,,2432,168,19863,306,34,21,241,,5,3824,732,6869,67,1136,21,7204,5993,15,173,31,1380,158,132,324,15
Column Error,,18,9,0,31,72,-13,1,15,114,309,23,153,173,128,243,6,37,211,9,12,75,7,5,105,-2,11,9,262,-65,102,18,168,6,-11,60,18,-58,-50,225